cell_id,cycle_index,chemistry,model_chemistry,soh_true,soh_mean,soh_lower_90,soh_upper_90,soh_std
calce_cs2_34,754,LCO,LCO,0.2917457070219016,0.3880867240456861,0.2713935588208567,0.5047798892705155,0.07094440703584393
calce_cs2_34,759,LCO,LCO,0.5079590621479501,0.5280555804417933,0.4620537761151436,0.5940573847684432,0.040126247858890504
calce_cs2_34,739,LCO,LCO,0.5494942964451747,0.560210078054757,0.5000349846154248,0.6203851714940891,0.03658385916737105
calce_cs2_34,718,LCO,LCO,0.6113434992623015,0.6159994783824178,0.5657346657852454,0.6662642909795901,0.030558836223215657
calce_cs2_34,695,LCO,LCO,0.6428066905798504,0.6319822727215676,0.5838885973904586,0.6800759480526766,0.02923887848929422
calce_cs2_34,679,LCO,LCO,0.6727960245688213,0.6631219292843368,0.6288607003202936,0.6973831582483799,0.02082934821838342
calce_cs2_34,652,LCO,LCO,0.6897723217194918,0.6487239672488953,0.5581753675090978,0.7392725669886927,0.055049639831854104
calce_cs2_34,642,LCO,LCO,0.7063172634296782,0.6872920161482767,0.6487917802004879,0.7257922520960656,0.02340648147467331
calce_cs2_34,616,LCO,LCO,0.7181976802220901,0.70187465117298,0.6615793017022664,0.7421700006436935,0.0244978330049926
calce_cs2_34,599,LCO,LCO,0.7460029013960388,0.7317934805807609,0.6923200172750522,0.7712669438864695,0.02399816169592411
calce_cs2_34,560,LCO,LCO,0.7648013763777457,0.7635967248988911,0.7236723865279517,0.8035210632698304,0.024272274272169762
calce_cs2_34,572,LCO,LCO,0.7762207197764075,0.7275555481167248,0.6751009461453379,0.7800101500881118,0.03189013363371725
calce_cs2_34,536,LCO,LCO,0.7879838652167946,0.7962395517553509,0.752291778060454,0.8401873254502478,0.026718349265124897
calce_cs2_34,522,LCO,LCO,0.8074958431914034,0.8193857829184852,0.7815410336869841,0.8572305321499862,0.023007973847278738
calce_cs2_34,502,LCO,LCO,0.8237845906713852,0.7953821133709047,0.75112541169319,0.8396388150486194,0.02690616414284769
calce_cs2_34,483,LCO,LCO,0.8369889513654561,0.8385748045328757,0.8056004104208413,0.8715491986449101,0.020047008178562527
calce_cs2_34,442,LCO,LCO,0.8691741075181559,0.864111435896046,0.8406805876559769,0.8875422841361151,0.014244944265037883
calce_cs2_34,420,LCO,LCO,0.8810933143787283,0.8870883114265944,0.8536525740314131,0.9205240488217756,0.020327484979408256
calce_cs2_34,408,LCO,LCO,0.8894459887655829,0.8873267508055174,0.8559469678220556,0.9187065337889792,0.019077553448704265
calce_cs2_34,401,LCO,LCO,0.8991852287979378,0.8947454548643443,0.8642922035865666,0.9251987061421221,0.018514262168250802
calce_cs2_34,375,LCO,LCO,0.9099333651734104,0.9141085743923963,0.8844738832240854,0.9437432655607073,0.01801661295737002
calce_cs2_34,365,LCO,LCO,0.9190589368947983,0.9220434218805221,0.8869101335929672,0.957176710168077,0.021359522641944746
calce_cs2_34,357,LCO,LCO,0.9263152357788099,0.9289160745151838,0.8978764897964093,0.9599556592339582,0.01887072758948307
calce_cs2_34,314,LCO,LCO,0.9316547169603239,0.9322355465588823,0.8989074854054738,0.9655636077122908,0.020262022472587918
calce_cs2_34,278,LCO,LCO,0.9348845868568518,0.9286831762993708,0.9008218899732613,0.9565444626254803,0.016938459367808235
calce_cs2_34,294,LCO,LCO,0.9390034033055626,0.937621286878749,0.9106692339055554,0.9645733398519426,0.01638568473910095
calce_cs2_34,265,LCO,LCO,0.9428612945892275,0.9312818249858528,0.9035135590859578,0.9590500908857478,0.01688190696418378
calce_cs2_34,264,LCO,LCO,0.9466690132019421,0.9461943938156032,0.9163812102774405,0.976007577353766,0.018125128613065537
calce_cs2_34,206,LCO,LCO,0.9531828592535194,0.9307560290097792,0.9005851904085395,0.9609268676110189,0.018342567452131
calce_cs2_34,207,LCO,LCO,0.9564517591232433,0.9526208328452384,0.920250406126283,0.9849912595641938,0.01967982207568821
calce_cs2_34,173,LCO,LCO,0.9678725105041894,0.982548670110895,0.9526336627479886,1.0124636774738014,0.018187033102969836
calce_cs2_34,170,LCO,LCO,0.9721784713004408,0.9784628813243291,0.9659953990285539,0.9909303636201043,0.007579691038455568
calce_cs2_34,128,LCO,LCO,0.9801069793468415,0.9884724624885544,0.9590061357528802,1.0179387892242286,0.017914254650297567
calce_cs2_34,145,LCO,LCO,0.9876735966402931,1.0132461129598467,0.9770016144578519,1.0494906114618414,0.022035090483503585
calce_cs2_34,110,LCO,LCO,0.990557036034419,0.9324283494466408,0.8991470202788713,0.9657096786144103,0.020233611442649894
calce_cs2_34,89,LCO,LCO,0.9964775445069572,1.0031480070905208,0.9728535608877084,1.0334424532933333,0.01841771553798339
calce_cs2_34,63,LCO,LCO,1.0046567300687976,1.0150640105039157,0.9883901155469816,1.0417379054608498,0.016216576672764948
calce_cs2_34,35,LCO,LCO,1.0126011089552314,1.0275562287653996,0.9984459765589659,1.05,0.015671310381758088
calce_cs2_34,22,LCO,LCO,1.0250678721574793,1.041768578917056,1.0100572024693026,1.05,0.012141748322228014
calce_cs2_34,1,LCO,LCO,1.049035900369837,1.05,1.030600469625317,1.05,0.0058970385135842076
calce_cx2_33,1118,LCO,LCO,0.10412513705141442,0.7560864974217968,0.005525276717723737,1.05,0.3174977718893073
calce_cx2_33,1669,LCO,LCO,0.4528886579603416,0.45893604922741954,0.3800049064298361,0.537867192025003,0.04798672751439429
calce_cx2_33,1613,LCO,LCO,0.4802898525494917,0.49197696040162386,0.4518074996412891,0.5321464211619586,0.02442129810345726
calce_cx2_33,1599,LCO,LCO,0.5181305644921541,0.5074041941203806,0.42391706272010005,0.5908913255206613,0.05075657191151618
calce_cx2_33,1501,LCO,LCO,0.5530337683859864,0.5499695832316783,0.4432516516363246,0.656687514827032,0.06487989560088814
calce_cx2_33,1479,LCO,LCO,0.5934335610673555,0.5922720016694231,0.5613736247686819,0.6231703785701642,0.01878487933179038
calce_cx2_33,1431,LCO,LCO,0.6180133185425414,0.6128639559878595,0.584101362517395,0.641626549458324,0.017486415203869735
calce_cx2_33,1408,LCO,LCO,0.6471977199249231,0.6481112234543004,0.6081088595556791,0.6881135873529217,0.02431971042478755
calce_cx2_33,1368,LCO,LCO,0.6755581106939582,0.6668334289309104,0.6320461905767144,0.7016206672851063,0.021149139220776554
calce_cx2_33,1285,LCO,LCO,0.6926904798191688,0.6966837938728219,0.6735968961719895,0.7197706915736543,0.014035837184869166
calce_cx2_33,1280,LCO,LCO,0.7064822785956332,0.6993078059408827,0.6732235232139084,0.725392088667857,0.01585811788938216
calce_cx2_33,1332,LCO,LCO,0.7151080698370346,0.7039675551315815,0.667830093533822,0.740105016729341,0.021970016666307112
calce_cx2_33,1243,LCO,LCO,0.726001391605143,0.7085779532246694,0.6850250437492926,0.7321308627000462,0.014319152226954771
calce_cx2_33,1006,LCO,LCO,0.7296060055589466,0.7351035138066103,0.7120095278367343,0.7581974997764863,0.014040146546460656
calce_cx2_33,968,LCO,LCO,0.7329457451788174,0.7436836674511661,0.7241142966521981,0.7632530382501341,0.011897332673447293
calce_cx2_33,1223,LCO,LCO,0.7381619358200926,0.7212774282637942,0.698349741445655,0.7442051150819333,0.01393904384102112
calce_cx2_33,942,LCO,LCO,0.741740023834399,0.7466794046906216,0.7251320406809825,0.7682267687002606,0.01309986715934985
calce_cx2_33,868,LCO,LCO,0.7455365886643426,0.7600903668678567,0.7394883881753759,0.7806923455603375,0.01252511369699441
calce_cx2_33,914,LCO,LCO,0.7505898126372972,0.7621688031447298,0.7361045680892426,0.788233038200217,0.01584592977053765
calce_cx2_33,1037,LCO,LCO,0.7586951919100846,0.7418463142282408,0.712555647027547,0.7711369814289345,0.017807461235915728
calce_cx2_33,1048,LCO,LCO,0.7650823861071387,0.7565953069860686,0.7310260372381366,0.7821645767340005,0.015545012230250144
calce_cx2_33,1042,LCO,LCO,0.7698709243504577,0.7598072773778536,0.7303693161902853,0.7892452385654218,0.017897009621535617
calce_cx2_33,776,LCO,LCO,0.7739705063533547,0.7988284312552574,0.7700865236382459,0.8275703388722688,0.01747383909793903
calce_cx2_33,719,LCO,LCO,0.7834360344043481,0.7939981749344303,0.7754527491115988,0.8125436007572617,0.011274818329703337
calce_cx2_33,659,LCO,LCO,0.7918285517939746,0.8012509056257568,0.7745798690160789,0.8279219422354348,0.01621483892102262
calce_cx2_33,650,LCO,LCO,0.7984248813083503,0.8137125010456554,0.795862849526671,0.8315621525646398,0.010851817588210874
calce_cx2_33,575,LCO,LCO,0.8144282817766503,0.8201627787712246,0.7763057640458965,0.8640197934965527,0.026663171729518282
calce_cx2_33,525,LCO,LCO,0.8231829305398719,0.8365237499453242,0.8202617838141597,0.8527857160764887,0.00988657340975925
calce_cx2_33,495,LCO,LCO,0.8354291032397674,0.8426762123536073,0.8287167518153425,0.8566356728918721,0.008486749404040829
calce_cx2_33,467,LCO,LCO,0.8504530200913921,0.8791815953359887,0.8628539719152057,0.8955092187567717,0.009926490207547621
calce_cx2_33,409,LCO,LCO,0.8698271042133117,0.8961326721670426,0.8817689513311195,0.9104963930029657,0.008732522213872862
calce_cx2_33,355,LCO,LCO,0.8859855945513256,0.9030814790334449,0.8891379025319949,0.917025055534895,0.00847709259534097
calce_cx2_33,300,LCO,LCO,0.8932143125066189,0.8929188097904974,0.8796157100435359,0.906221909537459,0.00808771037676899
calce_cx2_33,295,LCO,LCO,0.8994711230436089,0.9107664391492113,0.8961345103415728,0.9253983679568498,0.00889558108265047
calce_cx2_33,188,LCO,LCO,0.9164614436045536,0.9195349533029414,0.9055131182939529,0.93355678831193,0.008524670389654224
calce_cx2_33,163,LCO,LCO,0.9242859038634328,0.9351613698885217,0.9208674745418274,0.9494552652352161,0.008690071330654671
calce_cx2_33,104,LCO,LCO,0.932296525294189,0.95055808304617,0.9357010327604152,0.9654151333319247,0.009032445223281328
calce_cx2_33,40,LCO,LCO,0.9418251322146807,0.9555236400167605,0.9402735082588444,0.9707737717746766,0.009271421789779742
calce_cx2_33,30,LCO,LCO,0.9513269876340888,0.959205473975521,0.9447615710712186,0.9736493768798234,0.0087812694501409
calce_cx2_33,3,LCO,LCO,0.960006630268875,0.9694463664568105,0.9542438061350325,0.9846489267785885,0.009242500410175734
calce_cx2_38,1913,LCO,LCO,0.1417894622038578,0.20242268672495067,0.0,0.4248700932183084,0.1291513379235304
calce_cx2_38,1948,LCO,LCO,0.2470800567175949,0.3135902868882484,0.040116352148438505,0.5870642216280584,0.16626034697486078
calce_cx2_38,1892,LCO,LCO,0.2800079094824399,0.3000113892521624,0.08406864837998954,0.5159541301243353,0.13128386461499034
calce_cx2_38,1787,LCO,LCO,0.3117754410848767,0.34743279225008267,0.19127500474084871,0.5035905797593166,0.09493719377246512
calce_cx2_38,1744,LCO,LCO,0.3466894378889788,0.362237877463697,0.30354124393244264,0.4209345109949514,0.03568501936554753
calce_cx2_38,1700,LCO,LCO,0.38296009394961106,0.398184960071874,0.32348412848124564,0.47288579166250233,0.045414880915013014
calce_cx2_38,1672,LCO,LCO,0.4144117418549852,0.43031370624921833,0.3940298713359559,0.46659754116248076,0.022059005323476665
calce_cx2_38,1592,LCO,LCO,0.4747683539262818,0.47802502397791086,0.45731726711597764,0.49873278083984407,0.012589422257780114
calce_cx2_38,1518,LCO,LCO,0.4953856302890792,0.4953534610313794,0.47443676828623815,0.5162701537765206,0.012716446255407955
calce_cx2_38,1488,LCO,LCO,0.518378195042062,0.5250815321440792,0.5057247257333279,0.5444383385548304,0.011768102701409731
calce_cx2_38,1460,LCO,LCO,0.5335196833724319,0.5669266479987202,0.25499543288947024,0.8788578631079701,0.18964071331220816
calce_cx2_38,1421,LCO,LCO,0.5594502622210615,0.5421093762703936,0.5129774980180104,0.5712412545227767,0.017710924409958237
calce_cx2_38,1386,LCO,LCO,0.5925082836813689,0.5846659418708414,0.5688854594918277,0.6004464242498552,0.009593852073184696
calce_cx2_38,1333,LCO,LCO,0.6161375339679173,0.6089940776984768,0.5943216353277075,0.623666520069246,0.008920211580140884
calce_cx2_38,801,LCO,LCO,0.6269433007833695,0.6692281907993078,0.6453435149580153,0.6931128666406003,0.014520851855711758
calce_cx2_38,1189,LCO,LCO,0.6392453724577901,0.6446687368932721,0.6328709842363565,0.6564664895501877,0.007172524328977082
calce_cx2_38,1164,LCO,LCO,0.6579034556697552,0.6559919600302778,0.6430782794362695,0.6689056406242861,0.007850960342253795
calce_cx2_38,1085,LCO,LCO,0.6723462343769802,0.6790743827199619,0.6660297149152176,0.6921190505247062,0.00793059491191382
calce_cx2_38,1040,LCO,LCO,0.6814014688327135,0.6856357390795091,0.6735826524422915,0.6976888257167267,0.007327756366720893
calce_cx2_38,1019,LCO,LCO,0.6918283452221419,0.6995431575231665,0.6029462522460574,0.7961400628002757,0.05872674850475255
calce_cx2_38,930,LCO,LCO,0.7065426266025606,0.7140949251477767,0.7024373886823271,0.7257524616132264,0.00708727893743069
calce_cx2_38,952,LCO,LCO,0.72207636845618,0.7387424092489701,0.7272049451391798,0.7502798733587603,0.007014280128483842
calce_cx2_38,255,LCO,LCO,0.7442519808166094,0.7542308468175518,0.7348613390877927,0.7736003545473109,0.011775824555074864
calce_cx2_38,836,LCO,LCO,0.7603014356783232,0.7645054697545514,0.7530038592876485,0.7760070802214543,0.006992482661341531
calce_cx2_38,796,LCO,LCO,0.7814268401372648,0.7822690757434559,0.7706166823866544,0.7939214691002575,0.0070841521493908285
calce_cx2_38,686,LCO,LCO,0.8025785455903881,0.791966403931755,0.7797742557348533,0.8041585521286567,0.007412299791987165
calce_cx2_38,703,LCO,LCO,0.810813113995705,0.8194561678287611,0.8075648839789801,0.8313474516785421,0.007229387256676441
calce_cx2_38,560,LCO,LCO,0.820522832015118,0.8254597103693022,0.8141740817868865,0.8367453389517179,0.0068611749990983364
calce_cx2_38,604,LCO,LCO,0.8285676034958239,0.838588499381855,0.8267842098924101,0.8503927888712999,0.007176498440972314
calce_cx2_38,534,LCO,LCO,0.8463354155790783,0.856396236820699,0.8446554424607939,0.868137031180604,0.0071378961431754415
calce_cx2_38,352,LCO,LCO,0.8567475614313164,0.8658591254407683,0.8547801993997787,0.8769380514817579,0.00673550877686483
calce_cx2_38,371,LCO,LCO,0.8626320502295661,0.8792502929623575,0.8681026405910379,0.890397945333677,0.006777291418921147
calce_cx2_38,420,LCO,LCO,0.869826965886715,0.880576191190066,0.8688292083982466,0.8923231739818854,0.007141658442636594
calce_cx2_38,325,LCO,LCO,0.8818746712767872,0.8883814105610783,0.8767467641513451,0.9000160569708116,0.0070733627716750465
calce_cx2_38,233,LCO,LCO,0.8934052298815021,0.9105326145102591,0.8993589789505527,0.9217062500699655,0.006793088075815795
calce_cx2_38,175,LCO,LCO,0.9117682543511886,0.9223662000580698,0.9108565033729102,0.9338758967432294,0.006997398732974993
calce_cx2_38,163,LCO,LCO,0.9224487469587559,0.9314163311934777,0.919603331975839,0.9432293304111163,0.007181793579731817
calce_cx2_38,101,LCO,LCO,0.9336089803101569,0.9404422658392008,0.9285335937032767,0.9523509379751248,0.0072399585840323515
calce_cx2_38,45,LCO,LCO,0.9685551139846348,0.9660564192619863,0.9543252046440406,0.977787633879932,0.007132072073603293
calce_cx2_38,3,LCO,LCO,1.0094418042063003,1.0096395151928705,0.9949706323792684,1.0243083980064727,0.008918047523042545
calce_cs2_33,865,LCO,LCO,0.048977042633993856,0.7485073526545589,0.025293087651654944,1.05,0.3114887840346954
calce_cs2_33,851,LCO,LCO,0.07558710746139755,0.7085060794478649,0.0,1.05,0.3191773367536788
calce_cs2_33,822,LCO,LCO,0.10524682132457001,0.46480462089345326,0.0,1.05,0.3191773367536788
calce_cs2_33,803,LCO,LCO,0.19046103209764226,0.15192440561456078,0.0,0.34245627917186516,0.10409931727680975
calce_cs2_33,776,LCO,LCO,0.23805265990742455,0.2901878450677693,0.01237751200158399,0.5679981781339546,0.16889668996327142
calce_cs2_33,748,LCO,LCO,0.3623811251546546,0.3416499525926767,0.07262164095108997,0.6106782642342634,0.16355760004019115
calce_cs2_33,731,LCO,LCO,0.4170659112757644,0.41163469677107145,0.31079646858344023,0.5124729249587027,0.06130528974454833
calce_cs2_33,718,LCO,LCO,0.5068850048955716,0.5363203414590428,0.43636185019530194,0.6362788327227837,0.06077044767138417
calce_cs2_33,696,LCO,LCO,0.5656303466564726,0.5783991369812498,0.514502464281792,0.6422958096807075,0.03884641870406557
calce_cs2_33,670,LCO,LCO,0.6341376226593699,0.6610004795550964,0.6066347287143148,0.7153662303958781,0.03305202964566622
calce_cs2_33,654,LCO,LCO,0.6449837851246798,0.6638815729335954,0.6153778290420951,0.7123853168250956,0.029488182472136318
calce_cs2_33,625,LCO,LCO,0.6990758045507628,0.7193507207837523,0.6768953982891424,0.7618060432783622,0.025811003361615518
calce_cs2_33,606,LCO,LCO,0.766981677599403,0.7601724094331099,0.7311426498658409,0.789202169000379,0.017648840657677262
calce_cs2_33,581,LCO,LCO,0.783839992603889,0.7828186705109429,0.7536239196983792,0.8120134213235066,0.017749148212459792
calce_cs2_33,554,LCO,LCO,0.7866325052120389,0.799604969627616,0.7443863348816631,0.8548236043735689,0.03357054624264266
calce_cs2_33,534,LCO,LCO,0.8141928847146734,0.8181971967602434,0.7912874576922113,0.8451069358282755,0.016359959711373138
calce_cs2_33,531,LCO,LCO,0.8239683715321823,0.8418153956381946,0.8184145360571708,0.8652162552192184,0.014226712454891387
calce_cs2_33,492,LCO,LCO,0.841536846143414,0.8151324540239535,0.7926632959368037,0.8376016121111033,0.013660278166388285
calce_cs2_33,470,LCO,LCO,0.8524260085879282,0.8646080399487476,0.8432793307913112,0.8859367491061839,0.012966934448122538
calce_cs2_33,475,LCO,LCO,0.8733588544406019,0.8860745691591208,0.8616430781209482,0.9105060601972933,0.014853291890448162
calce_cs2_33,445,LCO,LCO,0.8911692581139085,0.8732181026365707,0.8501978717011236,0.8962383335720179,0.013995306669391744
calce_cs2_33,415,LCO,LCO,0.9116650776053057,0.8893774845933828,0.8699367573653352,0.9088182118214305,0.011819122935624739
calce_cs2_33,28,LCO,LCO,0.9190257868533341,0.9202111607200476,0.8980546683204547,0.9423676531196405,0.013470190925533717
calce_cs2_33,358,LCO,LCO,0.92932249799319,0.9101698299514756,0.8909939373817649,0.9293457225211862,0.011658114895761714
calce_cs2_33,306,LCO,LCO,0.9336860581671078,0.927085961461681,0.9085310272445862,0.9456408956787757,0.011280599022956209
calce_cs2_33,307,LCO,LCO,0.9380707887548179,0.9409072694635201,0.9225415189481952,0.959273019978845,0.011165583498978839
calce_cs2_33,323,LCO,LCO,0.943283277762415,0.9397322054144213,0.9208360458191335,0.958628365009709,0.01148804932285034
calce_cs2_33,257,LCO,LCO,0.9499096717334896,0.940387788620694,0.9227110702765906,0.9580645069647975,0.010746681683077786
calce_cs2_33,275,LCO,LCO,0.9566946269651746,0.9441547981109074,0.9278558565394168,0.960453739682398,0.00990905288131845
calce_cs2_33,243,LCO,LCO,0.9620982056921692,0.9387409484192798,0.9211623649218823,0.9563195319166773,0.010687019932574286
calce_cs2_33,212,LCO,LCO,0.9700737142946555,0.9618653938814093,0.946363112568756,0.9773676751940626,0.009424717834245722
calce_cs2_33,164,LCO,LCO,0.9805108467382242,0.9558202155516745,0.9408616728508009,0.9707787582525481,0.009094148230440033
calce_cs2_33,166,LCO,LCO,0.9829418175768948,0.9540225850977992,0.9381594548124729,0.9698857153831256,0.009644098432470662
calce_cs2_33,120,LCO,LCO,0.9879562889250595,0.9604029088955144,0.9453212620112811,0.9754845557797477,0.009168990259750482
calce_cs2_33,142,LCO,LCO,0.993961927078378,0.9877784499650775,0.9726796580750634,1.0028772418550915,0.009179413683148063
calce_cs2_33,100,LCO,LCO,0.9962993727210157,0.9726566969666018,0.9580301452199325,0.9872832487132712,0.00889231206169867
calce_cs2_33,71,LCO,LCO,1.0057638454906932,0.9810819127735985,0.9661510751565658,0.9960127503906311,0.009077304735440222
calce_cs2_33,39,LCO,LCO,1.0181474351569038,0.9982739700784098,0.9833589406104225,1.013188999546397,0.009067694063228195
calce_cs2_33,23,LCO,LCO,1.0298943438139219,1.0066514069752217,0.9908040771116765,1.0224987368387668,0.009634492458101676
calce_cs2_33,6,LCO,LCO,1.05,1.0135678798085865,0.9969455836930095,1.0301901759241636,0.01010563848552555
calce_cs2_38,787,LCO,LCO,0.05833442042456353,0.0,0.0,0.3041880966501346,0.09246661577234343
calce_cs2_38,1054,LCO,LCO,0.27756396974565817,0.39485470856181126,0.0650409349370995,0.724668482186523,0.20051253693374516
calce_cs2_38,1041,LCO,LCO,0.3057608064773085,0.32689035599063815,0.1945476065876073,0.459233105393669,0.08045867865355982
calce_cs2_38,1005,LCO,LCO,0.3381499426421638,0.386097836759462,0.09252625116778174,0.6796694223511424,0.17847885111563272
calce_cs2_38,979,LCO,LCO,0.3995593131134527,0.34658097763714246,0.0,0.9104612708014532,0.2767605748874074
calce_cs2_38,944,LCO,LCO,0.4488010151213973,0.3942713882625917,0.25994546131603735,0.5285973152091461,0.08166436499003894
calce_cs2_38,919,LCO,LCO,0.4942939657465863,0.49758854769222605,0.34499234992400946,0.6501847454604426,0.09277190095694672
calce_cs2_38,886,LCO,LCO,0.5599667635556603,0.5821752589775739,0.44454746679391954,0.7198030511612283,0.08367175651898587
calce_cs2_38,861,LCO,LCO,0.6137296056268646,0.6129421223245587,0.5741666819163052,0.6517175627328122,0.023573793906585417
calce_cs2_38,847,LCO,LCO,0.6401451342074833,0.6539871503933905,0.629119547814342,0.678854752972439,0.015118428881199278
calce_cs2_38,806,LCO,LCO,0.6650950576266157,0.6337063936270166,0.6116023034594491,0.6558104837945842,0.013438332630566445
calce_cs2_38,780,LCO,LCO,0.745912880611218,0.7393889198313828,0.7242007999700715,0.7545770396926941,0.009233721233579037
calce_cs2_38,742,LCO,LCO,0.7596448558253369,0.7607905589466469,0.4343263035233868,1.05,0.18715151500066496
calce_cs2_38,751,LCO,LCO,0.7675056728708023,0.7587561199953857,0.7442875071524769,0.7732247328382945,0.008796292026132763
calce_cs2_38,716,LCO,LCO,0.7817956621066356,0.7165978250626897,0.6439188534848728,0.7892767966405065,0.04418567730705507
calce_cs2_38,675,LCO,LCO,0.792328289591705,0.8035026596006035,0.7294145398302814,0.8775907793709257,0.045042378577864764
calce_cs2_38,273,LCO,LCO,0.8063401222880782,0.8528564551470228,0.8109639404741714,0.8947489698198742,0.025468840501324027
calce_cs2_38,615,LCO,LCO,0.8144566973775045,0.8356794271400579,0.7791213036843553,0.8922375505957606,0.03438489755500371
calce_cs2_38,597,LCO,LCO,0.8320978932668543,0.811996409600793,0.7986708059894749,0.8253220132121111,0.008101391754848964
calce_cs2_38,586,LCO,LCO,0.8496629315601854,0.8099139163809221,0.7228402133006693,0.896987619461175,0.052937052667496584
calce_cs2_38,438,LCO,LCO,0.8636611574288116,0.7849013587174367,0.6823756044205247,0.8874271130143487,0.06233123277171508
calce_cs2_38,543,LCO,LCO,0.867265921012555,0.8546169727970723,0.8372863219144783,0.8719476236796663,0.010536287605550754
calce_cs2_38,468,LCO,LCO,0.8693435864307213,0.8602584595571452,0.8484594154406989,0.8720575036735915,0.007173309480621878
calce_cs2_38,462,LCO,LCO,0.8727003411686999,0.8607478375623074,0.8488353275972892,0.8726603475273257,0.0072422918184498735
calce_cs2_38,458,LCO,LCO,0.875979632540305,0.8081641610284227,0.7333002278361462,0.8830280942206992,0.04551403964803074
calce_cs2_38,499,LCO,LCO,0.8793332390843279,0.8953106892318116,0.8546828506308679,0.9359385278327552,0.02469997204325239
calce_cs2_38,327,LCO,LCO,0.8872577225542437,0.9114735589922784,0.8858695425038027,0.9370775754807542,0.015566136748550428
calce_cs2_38,335,LCO,LCO,0.897061067101814,0.897893820065427,0.8699790529677779,0.925808587163076,0.016970973368241615
calce_cs2_38,286,LCO,LCO,0.9039862902471055,0.8424413036836854,0.7400387640436554,0.9448438433237154,0.06225632357927199
calce_cs2_38,334,LCO,LCO,0.9096201883507019,0.8351790403245848,0.7529026563466878,0.9174554243024817,0.050020489744358465
calce_cs2_38,169,LCO,LCO,0.9139275548207108,0.850211359556398,0.788324915550017,0.912097803562779,0.03762428643640448
calce_cs2_38,265,LCO,LCO,0.9184798601505212,0.9204885400810303,0.8938603572869454,0.9471167228751153,0.016188785651059377
calce_cs2_38,243,LCO,LCO,0.9249923405121956,0.9243297773299678,0.9073176906999112,0.9413418639600244,0.010342614291817775
calce_cs2_38,178,LCO,LCO,0.9294578353407603,0.9347671382915208,0.9132624270714209,0.9562718495116207,0.013073936104549407
calce_cs2_38,232,LCO,LCO,0.9328817170092016,0.9315053128202552,0.913430586157045,0.9495800394834654,0.010988653559836453
calce_cs2_38,103,LCO,LCO,0.9435720592054911,0.8574025905527851,0.7824744626924217,0.9323307184131485,0.0455530672350665
calce_cs2_38,75,LCO,LCO,0.9530351478551873,0.8544902058666142,0.7539055138939268,0.9550748978393016,0.06115115067053618
calce_cs2_38,65,LCO,LCO,0.9708850817761187,0.8326074645791671,0.7066213374749629,0.9585935916833713,0.07659412669910545
calce_cs2_38,54,LCO,LCO,1.0027655610290809,0.8886035184280063,0.8056847348601973,0.9715223019958154,0.050411040963862834
calce_cs2_38,1,LCO,LCO,1.0359307196162961,0.9993924721412526,0.9732407973797228,1.0255441469027824,0.015899089337206625
calce_cx2_37,1247,LCO,LCO,0.4551590358818808,0.4809817439882708,0.4370858928544423,0.5248775951220993,0.02668678258939301
calce_cx2_37,1255,LCO,LCO,0.6182080059164139,0.6196345698681955,0.6053710737561326,0.6338980659802584,0.008671589908275597
calce_cx2_37,1224,LCO,LCO,0.6413734418252606,0.6426302459004866,0.6277091164915491,0.657551375309424,0.009071402564003121
calce_cx2_37,1221,LCO,LCO,0.6498815682161991,0.6477374751144032,0.634076412738562,0.6613985374902444,0.008305336202565478
calce_cx2_37,1156,LCO,LCO,0.6596403941621716,0.6660906265784201,0.6501161760230947,0.6820650771337455,0.009711776351146848
calce_cx2_37,1143,LCO,LCO,0.6689634140955686,0.6734498136180405,0.6605565591692494,0.6863430680668315,0.00783854212771935
calce_cx2_37,1069,LCO,LCO,0.6818919548435918,0.6813468298543498,0.6676485678325293,0.6950450918761703,0.008327951981483266
calce_cx2_37,1054,LCO,LCO,0.6934354302580887,0.6927096866646838,0.6797607065577107,0.7056586667716569,0.007872420922323885
calce_cx2_37,1016,LCO,LCO,0.7110512572963413,0.7095151101843891,0.696638091786641,0.7223921285821371,0.007828671309564451
calce_cx2_37,993,LCO,LCO,0.717946236576481,0.7172349539833206,0.6941361261410337,0.7403337818256075,0.014043090195872108
calce_cx2_37,959,LCO,LCO,0.7248262814919227,0.7241063607814741,0.712141997850627,0.7360707237123211,0.007273816183280361
calce_cx2_37,931,LCO,LCO,0.7361966902897074,0.7365528209319865,0.7172055082973618,0.7559001335666111,0.011762330895352937
calce_cx2_37,915,LCO,LCO,0.7423358814667448,0.746648208350174,0.7266807580602372,0.7666156586401107,0.012139347819625676
calce_cx2_37,845,LCO,LCO,0.7513155556321749,0.7556261071327837,0.7437749104190209,0.7674773038465464,0.007205016008462389
calce_cx2_37,788,LCO,LCO,0.7651535317655213,0.7674839185354951,0.7550784078408175,0.7798894292301728,0.007542014980183799
calce_cx2_37,800,LCO,LCO,0.7764712863899531,0.7764198006245848,0.7650765105538304,0.7877630906953392,0.006896230694872078
calce_cx2_37,822,LCO,LCO,0.7875086789640227,0.7821913301520644,0.7703352446687451,0.7940474156353837,0.007207988169313911
calce_cx2_37,755,LCO,LCO,0.8066459642322019,0.8013523488381006,0.7900893653813885,0.8126153322948126,0.006847407740217331
calce_cx2_37,754,LCO,LCO,0.8118241640531894,0.8098713940669304,0.7984193419540884,0.8213234461797725,0.006962353321411941
calce_cx2_37,605,LCO,LCO,0.8167861551000517,0.8150803532372621,0.8025007606719482,0.8276599458025761,0.007647849242749105
calce_cx2_37,593,LCO,LCO,0.8203281134140059,0.8129060475564256,0.8015540317011437,0.8242580634117075,0.006901535595189353
calce_cx2_37,633,LCO,LCO,0.8274913206681246,0.825417822615442,0.8141221658377409,0.8367134793931432,0.006867271708933905
calce_cx2_37,546,LCO,LCO,0.8388728279425463,0.8316601445885473,0.8196822108884826,0.843638078288612,0.0072820666251405645
calce_cx2_37,533,LCO,LCO,0.8515288407809914,0.8441762990458268,0.8328762485463689,0.8554763495452847,0.006869942902093445
calce_cx2_37,410,LCO,LCO,0.8580404288528999,0.857649283611505,0.8441216098120465,0.8711769574109636,0.008224241706254645
calce_cx2_37,510,LCO,LCO,0.8601595252037565,0.8646561219188127,0.8525267719711115,0.8767854718665139,0.007374121167353608
calce_cx2_37,487,LCO,LCO,0.8626582354326314,0.8598317678226403,0.8478165166081519,0.8718470190371286,0.007304754062984356
calce_cx2_37,355,LCO,LCO,0.8661098385789453,0.8746484118890224,0.8605616635273382,0.8887351602507066,0.008564134905907843
calce_cx2_37,364,LCO,LCO,0.8686735466592967,0.8723304406305723,0.8596428927621986,0.885017988498946,0.007713481406785377
calce_cx2_37,343,LCO,LCO,0.8779102096766342,0.884434578456225,0.8722405393598455,0.8966286175526045,0.007413449377243136
calce_cx2_37,325,LCO,LCO,0.8919714263302212,0.8888026189776843,0.8774628834876755,0.9001423544676931,0.0068940696632231865
calce_cx2_37,236,LCO,LCO,0.8988453722135358,0.9027614027764134,0.8902478364747709,0.9152749690780558,0.007607708124664427
calce_cx2_37,187,LCO,LCO,0.9082364322260826,0.9020130678474568,0.8907257910106277,0.913300344684286,0.0068621770666297596
calce_cx2_37,142,LCO,LCO,0.9191722558782773,0.9351308712267266,0.9209295795846809,0.9493321628687722,0.008633772275753156
calce_cx2_37,208,LCO,LCO,0.9271562875519247,0.9305337838297799,0.9191246446412822,0.9419429230182776,0.006936264115879493
calce_cx2_37,110,LCO,LCO,0.9311246371046534,0.9344565710719901,0.9201531454712574,0.9487599966727228,0.00869586531370716
calce_cx2_37,102,LCO,LCO,0.9387469937600083,0.9467605017148442,0.9340685461105787,0.9594524573191097,0.007716161119934079
calce_cx2_37,69,LCO,LCO,0.9617020203201057,0.9467685072930595,0.9329162731656795,0.9606207414204395,0.008421560374982043
calce_cx2_37,34,LCO,LCO,0.9827408055836356,0.9960277771501775,0.9836827303878786,1.0083728239124765,0.007505255519409926
calce_cx2_37,1,LCO,LCO,1.012100335366146,1.0287237361613868,1.011807189806584,1.0456402825161897,0.01028452992875455
calce_cs2_37,98,LCO,LCO,0.058347802429087825,0.28842866688686586,0.0,0.7912457078551609,0.24052161690570442
calce_cs2_37,1016,LCO,LCO,0.18051468214279526,0.3038891761416107,0.1555612576809224,0.452217094602299,0.09017697139142726
calce_cs2_37,987,LCO,LCO,0.2881389075172048,0.3630829489011186,0.28707545921473665,0.4390904385875005,0.04620927263129923
calce_cs2_37,968,LCO,LCO,0.33420174618846776,0.3985280529853186,0.3382351488343338,0.45882095713630344,0.03665548299439268
calce_cs2_37,932,LCO,LCO,0.3806759561115798,0.42694706028143087,0.38073819901260014,0.4731559215502616,0.028092992903248782
calce_cs2_37,908,LCO,LCO,0.4245817749163824,0.45260501687775934,0.4141919872231767,0.491018046532342,0.02335346381293291
calce_cs2_37,879,LCO,LCO,0.5055469491622717,0.5007766513645782,0.47019304682841945,0.5313602559007369,0.018593511322245463
calce_cs2_37,827,LCO,LCO,0.5677485993061702,0.5517692081995661,0.5253991230998677,0.5781392932992645,0.01603187339445639
calce_cs2_37,831,LCO,LCO,0.5840583147199363,0.5732065899948854,0.5443987064686213,0.6020144735211495,0.017513949602710747
calce_cs2_37,800,LCO,LCO,0.6407405793104063,0.6113780208312692,0.5840060591225145,0.638749982540024,0.01664097112366481
calce_cs2_37,787,LCO,LCO,0.6993559531757979,0.6858395641800642,0.6605374695084227,0.7111416588517057,0.015382581317302798
calce_cs2_37,743,LCO,LCO,0.7158408203604693,0.6889146552220393,0.6645581395732274,0.7132711708708512,0.014807710090261121
calce_cs2_37,764,LCO,LCO,0.7260245289957155,0.7087909757105387,0.675964464762588,0.7416174866584895,0.019957101598633144
calce_cs2_37,705,LCO,LCO,0.7491949363516232,0.7276852180835303,0.704865905390485,0.7505045307765755,0.013873157051267822
calce_cs2_37,281,LCO,LCO,0.7668403818704289,0.8850550671933959,0.8441188205235304,0.9259913138632614,0.024887470835770142
calce_cs2_37,656,LCO,LCO,0.7817367310390401,0.7892798509907433,0.7706290356988186,0.807930666282668,0.011338890577450115
calce_cs2_37,622,LCO,LCO,0.7926155395410437,0.7736063196613067,0.7511734302044328,0.7960392091181805,0.01363822840482794
calce_cs2_37,578,LCO,LCO,0.8146846942200431,0.8180204114723794,0.7985927827254276,0.8374480402193312,0.011811159624554835
calce_cs2_37,589,LCO,LCO,0.8321875495739628,0.8348565270035325,0.8153738057270007,0.8543392482800644,0.011844653504300312
calce_cs2_37,530,LCO,LCO,0.8470982279819304,0.862923523165041,0.8481323888684631,0.8777146574616188,0.008992371147328988
calce_cs2_37,512,LCO,LCO,0.8550816060956669,0.8653185718657136,0.8470366184661979,0.8836005252652293,0.01111463846992814
calce_cs2_37,469,LCO,LCO,0.8630545081644345,0.8743654859360983,0.8555180347041912,0.8932129371680054,0.011458436740561823
calce_cs2_37,420,LCO,LCO,0.8668704825916506,0.8598763107709445,0.8396028525238263,0.8801497690180627,0.012325387447813531
calce_cs2_37,493,LCO,LCO,0.8696470265305448,0.8863280476969699,0.8685068879986916,0.9041492073952483,0.010834495791159008
calce_cs2_37,379,LCO,LCO,0.8742019760117549,0.8634558622386047,0.8424492415126315,0.884462482964578,0.01277111858573481
calce_cs2_37,380,LCO,LCO,0.8825495729139473,0.8906886953949668,0.8721470912668468,0.9092302995230868,0.011272494904294017
calce_cs2_37,374,LCO,LCO,0.8885662163685284,0.8862822577326195,0.8664701964951548,0.9060943189700842,0.012044877983571007
calce_cs2_37,344,LCO,LCO,0.9008736140685029,0.9165456284701955,0.8986804869883375,0.9344107699520535,0.010861234816965935
calce_cs2_37,302,LCO,LCO,0.9069010389962495,0.9238532415480467,0.905266409785215,0.9424400733108784,0.01129999135380821
calce_cs2_37,263,LCO,LCO,0.9105766299951347,0.9234939502982411,0.9056943670244052,0.941293533572077,0.010821378256510993
calce_cs2_37,169,LCO,LCO,0.9189701398175613,0.9304508793942986,0.9113248582963874,0.9495769004922098,0.011627795193763732
calce_cs2_37,161,LCO,LCO,0.9227835425118465,0.9214883317256238,0.9014147413705398,0.9415619220807079,0.012203876397371543
calce_cs2_37,115,LCO,LCO,0.9270927794350569,0.9406654635551684,0.9226392999987358,0.958691627111601,0.010959129287292157
calce_cs2_37,177,LCO,LCO,0.9311191342310141,0.9496713769698178,0.931133515958098,0.9682092379815377,0.011270219251105894
calce_cs2_37,182,LCO,LCO,0.9338154076152252,0.9609470210895643,0.9436317523248556,0.978262289854273,0.010526935941893101
calce_cs2_37,134,LCO,LCO,0.9370278288771965,0.9443772086830551,0.9236801114239366,0.9650743059421736,0.012582941679423445
calce_cs2_37,76,LCO,LCO,0.9475788166412548,0.9399945335793309,0.9207980053387183,0.9591910618199436,0.011670660492867697
calce_cs2_37,39,LCO,LCO,0.9665055472407986,0.9683618774778588,0.9508405879308302,0.9858831670248875,0.010652187684020362
calce_cs2_37,57,LCO,LCO,0.9983439009609132,1.0051228139910118,0.9878222956946862,1.0224233322873375,0.010517968293865754
calce_cs2_37,1,LCO,LCO,1.0317720901990226,1.0109285332880067,0.9913230061502987,1.0305340604257147,0.011919314166601185
calce_cx2_36,1811,LCO,LCO,0.09182278550097611,0.0,0.0,0.4720229097435814,0.14348477639874135
calce_cx2_36,1882,LCO,LCO,0.45026368381947046,0.4143040182120879,0.3793704579842518,0.449237578439924,0.021238096603514223
calce_cx2_36,1885,LCO,LCO,0.47078435778057637,0.4392996343367974,0.40294776517125436,0.4756515035023405,0.022100367211954686
calce_cx2_36,1895,LCO,LCO,0.4947492983417563,0.484936384583497,0.43888103722026656,0.5309917319467276,0.027999663075545664
calce_cx2_36,1780,LCO,LCO,0.5246252000628688,0.5324682281496559,0.4704060392854733,0.5945304170138385,0.03773113172337832
calce_cx2_36,1698,LCO,LCO,0.5556540316581721,0.5400578320337952,0.5170241699134208,0.5630914941541696,0.014003472250028936
calce_cx2_36,1734,LCO,LCO,0.5802766973093298,0.5959719313107359,0.5565982005948648,0.635345662026607,0.02393752858656813
calce_cx2_36,1532,LCO,LCO,0.5915552069902403,0.589710548879974,0.5697512996573079,0.6096697981026401,0.012134361924749535
calce_cx2_36,1578,LCO,LCO,0.6028664728525309,0.5805612107770158,0.555681541312245,0.6054408802417867,0.015125765026814052
calce_cx2_36,1478,LCO,LCO,0.6136386863170232,0.6165522524024412,0.5975262643317687,0.6355782404731136,0.011566979431437143
calce_cx2_36,1432,LCO,LCO,0.6240096028182933,0.6218474859216766,0.603932778281872,0.6397621935614812,0.010891368901321188
calce_cx2_36,1319,LCO,LCO,0.6334315396249065,0.5980143873789654,0.5729745808165667,0.6230541939413641,0.015223121469359429
calce_cx2_36,1422,LCO,LCO,0.6400927724670797,0.6377899789870963,0.6186441863255379,0.6569357716486548,0.011639815450960685
calce_cx2_36,1256,LCO,LCO,0.6458041985061571,0.6357710641156304,0.6181911627939152,0.6533509654373457,0.01068782111287154
calce_cx2_36,1360,LCO,LCO,0.6533852821700176,0.6483385032915064,0.6296243910683316,0.6670526155146813,0.01137737237924271
calce_cx2_36,1162,LCO,LCO,0.6595025483221135,0.6569949302625113,0.6385141976400539,0.6754756628849687,0.011235487656557692
calce_cx2_36,1177,LCO,LCO,0.6675372337997585,0.6359525622655513,0.6121311191057577,0.6597740054253449,0.014482409114994413
calce_cx2_36,1130,LCO,LCO,0.6773722382962843,0.6660286210101745,0.6484687561166866,0.6835884859036623,0.010675639829443551
calce_cx2_36,1074,LCO,LCO,0.6875298467157515,0.6880966404270451,0.6708612435957549,0.7053320372583353,0.010478377254293311
calce_cx2_36,1038,LCO,LCO,0.7008785403115965,0.6980527287811943,0.6793686455047117,0.7167368120576769,0.011359116075946049
calce_cx2_36,958,LCO,LCO,0.71261740334149,0.7071680061163855,0.6915347641143548,0.7228012481184163,0.009504336280064621
calce_cx2_36,906,LCO,LCO,0.7250658532530312,0.7218299387567731,0.7024004945233224,0.7412593829902239,0.011812263361975092
calce_cx2_36,850,LCO,LCO,0.7393374749349372,0.7389538538942714,0.7236759385301982,0.7542317692583446,0.009288313022958081
calce_cx2_36,830,LCO,LCO,0.7579923582237734,0.7428250620095621,0.7158016149300517,0.7698485090890725,0.016429089273794512
calce_cx2_36,809,LCO,LCO,0.7761791890958815,0.7682343211168732,0.7418347685628603,0.794633873670886,0.016049788334625892
calce_cx2_36,761,LCO,LCO,0.7975659885988199,0.789096078094781,0.7744324192766902,0.8037597369128718,0.008914871559281584
calce_cx2_36,673,LCO,LCO,0.8059004820262421,0.8035273207528998,0.7893550252934971,0.8176996162123025,0.008616143848416007
calce_cx2_36,551,LCO,LCO,0.8126960473120237,0.8115103669995649,0.7954941290665809,0.8275266049325489,0.009737181272882062
calce_cx2_36,590,LCO,LCO,0.8288457470230729,0.8252249879481955,0.8105268565198709,0.8399231193765202,0.008935829418187064
calce_cx2_36,492,LCO,LCO,0.8411205526466436,0.8422813808495312,0.827501054646814,0.8570617070522484,0.00898580029282645
calce_cx2_36,439,LCO,LCO,0.8471005002458929,0.842061641946384,0.8270297848153412,0.8570934990774268,0.009138720239139132
calce_cx2_36,388,LCO,LCO,0.8523132504925738,0.8474621269368331,0.8269517444832868,0.8679725093903794,0.01246942713775675
calce_cx2_36,358,LCO,LCO,0.8600537329334873,0.8597182643626485,0.844786524648846,0.8746500040764511,0.009077853171334558
calce_cx2_36,269,LCO,LCO,0.8752029545885269,0.8707750313365932,0.8536165820551207,0.8879334806180657,0.010431596465682778
calce_cx2_36,283,LCO,LCO,0.8885055894781199,0.8808130331580487,0.8660004323539415,0.8956256339621559,0.009005421857238724
calce_cx2_36,144,LCO,LCO,0.9061256743197216,0.9017754522701227,0.8817492511796546,0.9218016533605907,0.012175065770188969
calce_cx2_36,207,LCO,LCO,0.9187893530108818,0.9126398619557538,0.8972954067626336,0.9279843171488739,0.009328766366621395
calce_cx2_36,131,LCO,LCO,0.9294483163613744,0.9322613568952083,0.9170116342278406,0.947511079562576,0.00927117308038595
calce_cx2_36,47,LCO,LCO,0.9649752467983266,0.9473678094585393,0.9260643414990485,0.96867127741803,0.012951588889385898
calce_cx2_36,3,LCO,LCO,1.008670400383966,1.010702251643891,0.986943449061373,1.034461054226409,0.014444326348084803
calce_cs2_36,97,LCO,LCO,0.09170104758252699,0.19429273823591642,0.0,0.5624855619325086,0.1709834701142996
calce_cs2_36,942,LCO,LCO,0.16136623245008377,0.10739294709665659,0.0,0.3776168794698806,0.1147873808594585
calce_cs2_36,926,LCO,LCO,0.1920666221348127,0.16267512370382198,0.0,0.3489274828786032,0.10606642352891184
calce_cs2_36,831,LCO,LCO,0.2903400283332753,0.3555793649526507,0.21216004078799308,0.49899868911730827,0.08719275795407226
calce_cs2_36,871,LCO,LCO,0.3215306271231875,0.2923485749444447,0.1800893641597074,0.40460778572918205,0.06824875414160442
calce_cs2_36,845,LCO,LCO,0.35379129193616843,0.3505745467326022,0.30548749782997736,0.395661595635227,0.027410979411090795
calce_cs2_36,828,LCO,LCO,0.41781228724415354,0.4848747054475733,0.39577636937717675,0.5739730415179698,0.05416794212596838
calce_cs2_36,808,LCO,LCO,0.4783315897196645,0.5056438224184525,0.45603425269587405,0.555253392141031,0.030160476841044826
calce_cs2_36,760,LCO,LCO,0.5284678003107048,0.5438367706611107,0.4970206886999012,0.5906528526223203,0.028462156871658675
calce_cs2_36,746,LCO,LCO,0.5564065436338517,0.5585100458937005,0.5363743602571522,0.5806457315302487,0.013457541311790708
calce_cs2_36,727,LCO,LCO,0.6288098094724753,0.6454094570839237,0.6263841249095241,0.6644347892583233,0.011566580674817037
calce_cs2_36,720,LCO,LCO,0.6966035126236488,0.7106770304836463,0.693684033010914,0.7276700279563786,0.010331008908207033
calce_cs2_36,676,LCO,LCO,0.7097685349734238,0.7102161529333916,0.6932413703345913,0.7271909355321918,0.010319935051157629
calce_cs2_36,694,LCO,LCO,0.7201192597789039,0.7291170846927967,0.7120427542757299,0.7461914151098634,0.010380455827374652
calce_cs2_36,613,LCO,LCO,0.741189321544503,0.7370042738361828,0.7204147271523276,0.7535938205200381,0.01008572824476904
calce_cs2_36,609,LCO,LCO,0.7601036696241146,0.7599159120706284,0.7434206624830795,0.7764111616581773,0.010028399680840138
calce_cs2_36,584,LCO,LCO,0.777831608248537,0.7781168119750929,0.7620006538176654,0.7942329701325204,0.009797928455978641
calce_cs2_36,539,LCO,LCO,0.7907788802027025,0.8101286264930354,0.5682558978575803,1.05,0.1464398090653426
calce_cs2_36,505,LCO,LCO,0.811142281900378,0.8027831059860542,0.7873870118992353,0.818179200072873,0.009360160584837915
calce_cs2_36,519,LCO,LCO,0.8312438588115805,0.8282751075013245,0.8146162559096095,0.8419339590930395,0.008303992141252065
calce_cs2_36,481,LCO,LCO,0.8507965364208208,0.8375293106360073,0.8235856532340757,0.8514729680379389,0.008477141779341424
calce_cs2_36,465,LCO,LCO,0.8614733686836731,0.8376323465465815,0.8166676188122933,0.8585970742808696,0.012745649455230624
calce_cs2_36,448,LCO,LCO,0.8696806131939185,0.8699609436268159,0.8564910030179437,0.883430884235688,0.008189142418609623
calce_cs2_36,424,LCO,LCO,0.8887065115876278,0.9055405710028714,0.89202322287727,0.9190579191284729,0.008217964142289154
calce_cs2_36,371,LCO,LCO,0.9000172096242607,0.89315480548917,0.8767538608579744,0.9095557501203657,0.009971066338342065
calce_cs2_36,385,LCO,LCO,0.9092973779284462,0.9158575587604442,0.9023243785132014,0.929390739007687,0.008227589388804675
calce_cs2_36,309,LCO,LCO,0.9227939989037991,0.9077835240322916,0.8939337425307596,0.9216333055338235,0.008420069284341579
calce_cs2_36,326,LCO,LCO,0.9306992711551066,0.9079695190319115,0.8937736788824359,0.9221653591813871,0.008630458003601089
calce_cs2_36,261,LCO,LCO,0.9370022333456114,0.9219434562547839,0.9081301204602131,0.9357567920493547,0.008397911867800692
calce_cs2_36,293,LCO,LCO,0.9403880191531399,0.933187363792317,0.9199170593634388,0.9464576682211953,0.008067772239085523
calce_cs2_36,258,LCO,LCO,0.9451881974465308,0.9457984854222514,0.931724037400428,0.9598729334440749,0.00855665683025465
calce_cs2_36,161,LCO,LCO,0.9501941906609316,0.9409198004203909,0.9272929849040716,0.9545466159367102,0.008284515590347609
calce_cs2_36,156,LCO,LCO,0.9522275077628786,0.9433368649457824,0.9296747957809599,0.9569989341106049,0.00830594828680495
calce_cs2_36,176,LCO,LCO,0.9565595097705748,0.9529511290283109,0.9390327437457333,0.9668695143108885,0.008461777421723275
calce_cs2_36,123,LCO,LCO,0.9603327034763576,0.9592824785889559,0.9434028704860006,0.9751620866919112,0.009654116234273162
calce_cs2_36,133,LCO,LCO,0.9669747014168385,0.9601633778136843,0.9463632615083526,0.9739634941190161,0.00838987498900343
calce_cs2_36,78,LCO,LCO,0.9767007166343268,0.9748981429547011,0.9608289007393789,0.9889673851700234,0.00855349192462663
calce_cs2_36,37,LCO,LCO,0.9917245837563757,0.9790876072061999,0.9648968946846955,0.9932783197277043,0.008627340627144481
calce_cs2_36,27,LCO,LCO,1.0143323960526631,0.9971367060060153,0.9829438513225108,1.0113295606895198,0.008628642969167516
calce_cs2_36,1,LCO,LCO,1.0407404053572709,1.0431739042009092,1.0268150207314957,1.05,0.0070477332720099845
calce_cx2_35,1345,LCO,LCO,0.04585423043733553,0.7544624366850146,0.0,1.05,0.3191773367536788
calce_cx2_35,1613,LCO,LCO,0.4323227716075661,0.5352247325317282,0.48807765455441,0.5823718105090464,0.02866338816098752
calce_cx2_35,1721,LCO,LCO,0.5019224901013325,0.5016626377513731,0.4778221075363579,0.5255031679663883,0.014494013220617448
calce_cx2_35,1247,LCO,LCO,0.5679327422737125,0.6148877210448898,0.586602399199816,0.6431730428899635,0.01719625465853577
calce_cx2_35,1620,LCO,LCO,0.6131946588058128,0.6051579925367232,0.5855193096151653,0.6247966754582811,0.01193947145191011
calce_cx2_35,1626,LCO,LCO,0.6405318545659671,0.6530352948789137,0.623400922199134,0.6826696675586933,0.018016419330091515
calce_cx2_35,1567,LCO,LCO,0.660319224500685,0.6606310950019071,0.6321416695918795,0.6891205204119347,0.017320340815267055
calce_cx2_35,1544,LCO,LCO,0.683223959674061,0.6895529466404636,0.6737367921942136,0.7053691010867137,0.00961553915016943
calce_cx2_35,1462,LCO,LCO,0.702356452826177,0.6954510625630046,0.623552902602048,0.7673492225239612,0.043710977550148786
calce_cx2_35,1390,LCO,LCO,0.7143989334121545,0.7269465467446365,0.7063269596456806,0.7475661338435925,0.012535818848010045
calce_cx2_35,1305,LCO,LCO,0.7254452543690585,0.7439864283520473,0.7134397188940214,0.7745331378100733,0.018571080707430736
calce_cx2_35,1173,LCO,LCO,0.7300833008219835,0.7299467288250894,0.6985394635582147,0.761353994091964,0.01909426149066166
calce_cx2_35,1339,LCO,LCO,0.7348939274588325,0.7520397135050638,0.7294314911953333,0.7746479358147943,0.01374482321058072
calce_cx2_35,1333,LCO,LCO,0.7417064405643378,0.7596852485514618,0.7408896024245767,0.7784808946783469,0.011426941473035787
calce_cx2_35,1188,LCO,LCO,0.7464396219287613,0.7575360928459351,0.7417594185504337,0.7733127671414366,0.009591536922796903
calce_cx2_35,1272,LCO,LCO,0.7535702602312131,0.7628716028662046,0.7470483726437729,0.7786948330886363,0.009619840916640138
calce_cx2_35,1048,LCO,LCO,0.7612037458327408,0.7592857361721024,0.7443393886375536,0.7742320837066512,0.009086734095756582
calce_cx2_35,270,LCO,LCO,0.7682803404462285,0.836285934517347,0.8077657668348387,0.8648061021998553,0.017339030789850177
calce_cx2_35,996,LCO,LCO,0.7787338247560802,0.7738922039015862,0.7577193141604288,0.7900650936427436,0.009832418809892393
calce_cx2_35,942,LCO,LCO,0.7905830149584016,0.7818521642662817,0.7665375061115677,0.7971668224209957,0.009310651053551664
calce_cx2_35,927,LCO,LCO,0.7952531628492552,0.800375106975784,0.7781334042446288,0.8226168097069391,0.013521995128756405
calce_cx2_35,919,LCO,LCO,0.8022592750275566,0.7964460694574699,0.7811481150305725,0.8117440238843673,0.009300495908107172
calce_cx2_35,789,LCO,LCO,0.8075235589381724,0.8014291122842285,0.7844979667721094,0.8183602577963477,0.010293405586185134
calce_cx2_35,762,LCO,LCO,0.8167466959033034,0.8034318958038399,0.7878458003645632,0.8190179912431166,0.009475673205137132
calce_cx2_35,715,LCO,LCO,0.8274753595599311,0.8201254635133324,0.8050396944880627,0.8352112325386021,0.009171496343555666
calce_cx2_35,666,LCO,LCO,0.8337795934567563,0.8268327684583441,0.8114808184960182,0.84218471842067,0.009333322862763668
calce_cx2_35,633,LCO,LCO,0.8541902913497063,0.8500353313784699,0.8356799697951709,0.8643906929617688,0.008727440149130364
calce_cx2_35,540,LCO,LCO,0.8642244426065506,0.8710172690891408,0.8572003009854289,0.8848342371928527,0.00840012015495866
calce_cx2_35,482,LCO,LCO,0.8766265561413835,0.8748098608595822,0.8610004130376058,0.8886193086815587,0.00839554814829969
calce_cx2_35,416,LCO,LCO,0.8907576606590563,0.8980255123897114,0.8835168749573503,0.9125341498220725,0.008820625248734748
calce_cx2_35,405,LCO,LCO,0.8983076674691334,0.9167099662633682,0.9014866310017375,0.9319333015249989,0.009255130676791703
calce_cx2_35,375,LCO,LCO,0.9097674393418512,0.9270442058563708,0.9121419184604195,0.9419464932523222,0.009059947433481265
calce_cx2_35,355,LCO,LCO,0.9158353435018737,0.9314939249790893,0.9151892934432893,0.9477985565148894,0.009912512133993743
calce_cx2_35,302,LCO,LCO,0.9213346794389314,0.9385959599214442,0.9236275244490552,0.9535643953938332,0.009100162608469374
calce_cx2_35,249,LCO,LCO,0.9276345504951342,0.9341062402141007,0.919452418918917,0.9487600615092844,0.008908890770021079
calce_cx2_35,203,LCO,LCO,0.9393475530409271,0.9500858314812508,0.9346778897388979,0.9654937732236037,0.009367363447961996
calce_cx2_35,165,LCO,LCO,0.9550939824616056,0.9751555458899827,0.9586022508234135,0.9917088409565518,0.010063688826372073
calce_cx2_35,119,LCO,LCO,0.9653093516241942,0.983222387365985,0.9653650837819273,1.0010796909500428,0.010856469713450423
calce_cx2_35,61,LCO,LCO,0.9834574163009224,0.9840325999397441,0.9667247878188495,1.0013404120606386,0.01052240262434317
calce_cx2_35,2,LCO,LCO,1.0118281015449133,0.9761474090225686,0.9541112240147842,0.998183594030353,0.01339704922475421
calce_cs2_35,883,LCO,LCO,0.22383360889510678,0.2335767015705814,0.03596373156847857,0.4311896715726843,0.12014015518715393
calce_cs2_35,923,LCO,LCO,0.28807852270221573,0.316308639904282,0.12114979712707635,0.5114674826814876,0.11864815177439697
calce_cs2_35,899,LCO,LCO,0.3255633341439273,0.27650443908834366,0.14121256026232756,0.4117963179143598,0.08225162203445573
calce_cs2_35,863,LCO,LCO,0.36174702758410665,0.302463195839681,0.13660710680687257,0.4683192848724894,0.10083334244166252
calce_cs2_35,837,LCO,LCO,0.42228077388723184,0.408061390337667,0.3099119097795236,0.5062108708958104,0.05967064725391464
calce_cs2_35,817,LCO,LCO,0.49196979593643286,0.4906696114505317,0.41676541703512143,0.564573805865942,0.04493055990178429
calce_cs2_35,781,LCO,LCO,0.5422192772893132,0.5288096738623542,0.49712909430790236,0.560490253416806,0.019260424779053303
calce_cs2_35,769,LCO,LCO,0.5662931660477936,0.5596665776932006,0.5333657507992917,0.5859674045871095,0.015989767395080706
calce_cs2_35,742,LCO,LCO,0.6121264644607003,0.6135231738521244,0.5865074567941042,0.6405388909101446,0.0164243897544187
calce_cs2_35,721,LCO,LCO,0.6479323794975852,0.6519933489705203,0.6296157681104063,0.6743709298306343,0.013604603165564342
calce_cs2_35,704,LCO,LCO,0.6814127453870726,0.6837133427927992,0.6654380396601287,0.7019886459254696,0.011110595394765558
calce_cs2_35,671,LCO,LCO,0.6971057093743579,0.697611138538972,0.6786242834488031,0.716597993629141,0.011543188268586965
calce_cs2_35,651,LCO,LCO,0.7651176732638036,0.7650383150757616,0.7490338852929224,0.7810427448586008,0.009730002427329298
calce_cs2_35,604,LCO,LCO,0.7939212938690913,0.8103402743033219,0.7937092716966975,0.8269712769099463,0.010110931656239759
calce_cs2_35,623,LCO,LCO,0.8034707841669836,0.8136287810459681,0.7915668610632756,0.8356907010286607,0.013412694978568734
calce_cs2_35,578,LCO,LCO,0.8094194729223212,0.8478004816340484,0.8236045761936107,0.8719963870744861,0.014710066016805246
calce_cs2_35,559,LCO,LCO,0.8251905416733054,0.8265590063748927,0.8112062093161294,0.8419118034336559,0.00933383786083003
calce_cs2_35,541,LCO,LCO,0.8351601652972882,0.8597080450563052,0.8447503169322079,0.8746657731804024,0.009093653002923726
calce_cs2_35,521,LCO,LCO,0.8500383717880763,0.8609613117243506,0.8479916089013437,0.8739310145473576,0.007885019439112411
calce_cs2_35,483,LCO,LCO,0.8548141013455841,0.860537898763504,0.8325828614492705,0.8884929360777374,0.01699545592153665
calce_cs2_35,478,LCO,LCO,0.8709430632076814,0.8918657528444909,0.8774281505173566,0.9063033551716252,0.008777438971206563
calce_cs2_35,438,LCO,LCO,0.8818962101394751,0.8910751670242356,0.8723076277250044,0.9098427063234669,0.011409853735140255
calce_cs2_35,296,LCO,LCO,0.8873249593690763,0.907412337635743,0.8816837308116384,0.9331409444598476,0.01564188229428616
calce_cs2_35,455,LCO,LCO,0.8902114431649786,0.8915946122232581,0.8777647764237533,0.9054244480227629,0.008407943158526911
calce_cs2_35,338,LCO,LCO,0.8927060961202732,0.9041139744333471,0.8880499775409174,0.9201779713257767,0.009766216658562038
calce_cs2_35,302,LCO,LCO,0.8950925921051835,0.9027933298136375,0.8885447744618878,0.9170418851653871,0.008662506570969185
calce_cs2_35,311,LCO,LCO,0.8968306841475955,0.8944678853233803,0.8810477104383792,0.9078880602083814,0.00815888700678718
calce_cs2_35,322,LCO,LCO,0.900194660611911,0.9128253941130005,0.8995332139620741,0.9261175742639268,0.008081071733757697
calce_cs2_35,246,LCO,LCO,0.9065303181567039,0.9064965960862146,0.8872793333967143,0.9257138587757149,0.011683266142724849
calce_cs2_35,241,LCO,LCO,0.9122687041668277,0.9256697901232933,0.911348011485378,0.9399915687612086,0.008707023168048628
calce_cs2_35,264,LCO,LCO,0.9164020400121489,0.9287921417868905,0.9153796267706669,0.9422046568031142,0.00815423013723236
calce_cs2_35,173,LCO,LCO,0.9211293921957551,0.9261435611546673,0.9115691365227279,0.9407179857866068,0.008860621026170775
calce_cs2_35,195,LCO,LCO,0.925492532572566,0.9358388551675959,0.9224275574745863,0.9492501528606055,0.008153490057267758
calce_cs2_35,139,LCO,LCO,0.9348097876017194,0.9497392484739251,0.9359249497432974,0.9635535472045528,0.008398497291355174
calce_cs2_35,119,LCO,LCO,0.9397116726454366,0.9456796441473304,0.9203457232092492,0.9710135650854116,0.015401930313419068
calce_cs2_35,218,LCO,LCO,0.948862401056981,0.9547585717960476,0.9411015305937446,0.9684156129983507,0.008302891502640658
calce_cs2_35,69,LCO,LCO,0.9563376690003589,0.9614308348001002,0.9440021028256033,0.9788595667745971,0.01059591667545449
calce_cs2_35,36,LCO,LCO,0.9690342211546978,0.9900172202738441,0.9735384346405278,1.0064960059071604,0.010018390307384144
calce_cs2_35,11,LCO,LCO,0.9983115287521487,0.9858274135180393,0.9705764560433285,1.00107837099275,0.009271923789946247
calce_cs2_35,1,LCO,LCO,1.0349637066243125,1.0371978894305325,1.0168619659555531,1.05,0.010073247096723153
calce_cx2_34,1604,LCO,LCO,0.3417700694271696,0.3766242357434501,0.32529630713911145,0.42795216434778877,0.031205164862887203
calce_cx2_34,1718,LCO,LCO,0.4634724200628452,0.4468191287373147,0.4229196539244694,0.47071860355016004,0.014529848991572563
calce_cx2_34,1602,LCO,LCO,0.5005578774131462,0.49808177052108155,0.47918979440851467,0.5169737466336484,0.011485505945948962
calce_cx2_34,1598,LCO,LCO,0.5150885987676506,0.5167526112285215,0.48893260154707285,0.54457262090997,0.016913364949688234
calce_cx2_34,1561,LCO,LCO,0.528895236162041,0.533372230811601,0.5028205099250572,0.5639239516981448,0.01857412743963579
calce_cx2_34,1527,LCO,LCO,0.546287384555747,0.5589570239879447,0.540360929625687,0.5775531183502023,0.011305622614410454
calce_cx2_34,1485,LCO,LCO,0.5660838389575673,0.5749724634318327,0.5565581889115584,0.5933867379521071,0.011195083999299596
calce_cx2_34,1459,LCO,LCO,0.5831580713617538,0.5832168046739508,0.5626719713718126,0.603761637976089,0.012490371766523343
calce_cx2_34,1306,LCO,LCO,0.596480441690222,0.6001401284194511,0.5844287062453203,0.6158515505935819,0.009551866449812879
calce_cx2_34,1340,LCO,LCO,0.6080473406698903,0.6019390045148019,0.5857238074327261,0.6181542015968776,0.009858139846843736
calce_cx2_34,1219,LCO,LCO,0.6136077412840885,0.6172556983744677,0.6006102553891153,0.6339011413598201,0.01011971078314284
calce_cx2_34,1369,LCO,LCO,0.6218165231746265,0.6265302260548367,0.5975104646096678,0.6555499875000055,0.01764276223104014
calce_cx2_34,1385,LCO,LCO,0.6292419243237244,0.6354742196516341,0.6196825218055879,0.6512659174976803,0.009600670592990138
calce_cx2_34,1356,LCO,LCO,0.6434344994957436,0.6343940554470068,0.6180763023475438,0.6507118085464697,0.009920489478267933
calce_cx2_34,1122,LCO,LCO,0.665342822964562,0.6708908686544658,0.653356749244748,0.6884249880641836,0.01065998768669471
calce_cx2_34,1035,LCO,LCO,0.6829143793075226,0.6820802925573769,0.6690246473263902,0.6951359377883636,0.007937268713194659
calce_cx2_34,1013,LCO,LCO,0.6965688908354019,0.6989701874945332,0.6780257931738245,0.7199145818152419,0.01273328761752892
calce_cx2_34,991,LCO,LCO,0.7114570544061551,0.7228988632131939,0.7096211809349829,0.7361765454914048,0.008072257652992148
calce_cx2_34,955,LCO,LCO,0.7223747265889578,0.7315252113945133,0.7180188177202472,0.7450316050687794,0.008211304308759973
calce_cx2_34,918,LCO,LCO,0.7358369051073462,0.7412790554625861,0.7273627111088663,0.7551953998163059,0.008460536625080726
calce_cx2_34,868,LCO,LCO,0.7466166013736018,0.7423420611460783,0.7294522274183817,0.7552318948737748,0.007836462476959887
calce_cx2_34,799,LCO,LCO,0.7586242885815864,0.7554075561385524,0.7424604961623893,0.7683546161147154,0.00787125356567977
calce_cx2_34,740,LCO,LCO,0.7666742875092588,0.7605156803437538,0.7472189755983618,0.7738123850891458,0.008083822491874719
calce_cx2_34,759,LCO,LCO,0.7786090124941882,0.7848804225619341,0.7717949356169532,0.797965909506915,0.007955411187093406
calce_cx2_34,686,LCO,LCO,0.7963481167392495,0.796338218423881,0.7832626623782514,0.8094137744695106,0.007949373628985752
calce_cx2_34,627,LCO,LCO,0.807651920999193,0.8113666314339464,0.7982056137032278,0.8245276491646649,0.008001330644302264
calce_cx2_34,584,LCO,LCO,0.8298428277423765,0.8395914496521655,0.8267925045485978,0.8523903947557332,0.007781206116977678
calce_cx2_34,554,LCO,LCO,0.8429909641030624,0.8517824509376338,0.8387016322281773,0.8648632696470904,0.007952573101413396
calce_cx2_34,527,LCO,LCO,0.8553980117735211,0.8653820143771819,0.8515464848220701,0.8792175439322937,0.00841140471614742
calce_cx2_34,430,LCO,LCO,0.8611146105969714,0.8713312348914457,0.858641143028801,0.8840213267540904,0.007715028045482788
calce_cx2_34,396,LCO,LCO,0.869759616498687,0.8750923057703738,0.861675935250509,0.8885086762902386,0.008156574117011442
calce_cx2_34,357,LCO,LCO,0.8770073110648711,0.8867071265233616,0.8737120956678857,0.8997021573788375,0.007900417789490834
calce_cx2_34,278,LCO,LCO,0.8883922821132886,0.8920372759841504,0.8788700885447706,0.9052044634235302,0.008005081560833804
calce_cx2_34,260,LCO,LCO,0.9027422012207963,0.9090323864304536,0.8962302839058709,0.9218344889550363,0.007783125692654955
calce_cx2_34,182,LCO,LCO,0.9143040643261325,0.8951686116265553,0.8808052189091887,0.9095320043439218,0.008732322731954732
calce_cx2_34,91,LCO,LCO,0.9268200233166131,0.908071437044659,0.8938308751077056,0.9223119989816123,0.008657646919833475
calce_cx2_34,167,LCO,LCO,0.9353657016510599,0.9376034789426816,0.9245507694603252,0.950656188425038,0.007935483904758088
calce_cx2_34,201,LCO,LCO,0.943271839014081,0.9600366012313739,0.946499772568445,0.9735734298943028,0.008229807468046704
calce_cx2_34,59,LCO,LCO,0.9663890090945717,0.9518849621040522,0.9383864261357551,0.9653834980723492,0.008206527162732962
calce_cx2_34,1,LCO,LCO,1.0036558481638838,1.0066915334956508,0.9913006478183034,1.022082419172998,0.009356994096716293
